timestamp_utc,side,qty,price,pnl,reason
2026-02-23T19:28:43.079722Z,buy,0.14934857,65363.97,0.00,signal
2026-02-23T21:06:46.997366Z,buy,0.14992969,65363.97,0.00,signal
2026-02-23T23:07:04.414749Z,sell,0.14815343,64732.60,6.25,max_hold
2026-02-23T23:07:26.293310Z,buy,0.14937196,65363.97,0.00,signal
2026-02-23T23:07:34.490225Z,sell,0.14725387,64841.14,2.73,max_hold
2026-02-24T01:01:28.004643Z,buy,0.14968502,64872.15,0.00,signal
2026-02-24T01:13:04.379386Z,sell,0.14633552,64483.00,-62.61,stop_loss
2026-02-24T04:43:07.390896Z,buy,0.15480216,63306.61,0.00,signal
2026-02-24T05:25:13.064808Z,sell,0.15138217,62691.85,-96.89,stop_loss
